María García López,34,12345678A,62.0,1.65,True
Carlos Martínez Ruiz,58,23456789B,88.0,1.78,True
Lucía Fernández Sanz,27,34567890C,55.0,1.7,False
Antonio Jiménez Vega,71,45678901D,75.0,1.72,True
Sofía Romero Díaz,19,56789012E,60.0,1.68,False
Javier Moreno Castro,45,67890123F,95.0,1.8,True
Elena Torres Navarro,8,78901234G,28.0,1.3,True
Pablo Ortega Ramos,52,89012345H,110.0,1.75,False
Isabel Serrano Gil,63,90123456I,68.0,1.62,True
Diego Hernández Soto,38,01234567J,82.0,1.83,True
Carmen Ruiz Molina,29,11223344K,58.0,1.66,False
Andrés Castro Vidal,41,22334455L,77.0,1.75,True
Patricia Lara Ortiz,55,33445566M,72.0,1.7,True
Roberto Vargas Cano,33,44556677N,86.0,1.82,False
Ana Belén Cruz Mora,22,55667788O,54.0,1.63,True
Fernando Rojas Peña,67,66778899P,80.0,1.74,True
Marta Iglesias Lema,46,77889900Q,66.0,1.69,True
José Luis Pardo Bel,28,88990011R,90.0,1.77,False
Raquel Cabrera Vila,36,99001122S,63.0,1.71,True
Sergio Mendoza Rey,50,00112233T,92.0,1.8,False
Beatriz Sanz Crespo,42,10112233U,70.0,1.68,True
Marcos Núñez Solá,15,20223344V,52.0,1.6,True
Adriana Bosch Camps,31,30334455W,68,1.69,True
Tomás Aranda Valls,44,40445566X,84,1.79,False
Inés Pereira Soto,26,50556677Y,57,1.64,True
Víctor Alonso Ríos,53,60667788Z,79,1.76,True
Cristina Pons Riera,37,70778899A,65,1.67,False
Mateo Galán Vives,18,80889900B,72,1.78,True
Nuria Castaño Ledo,48,90990011C,71,1.66,True
Óscar Reig Domingo,62,01001122D,89,1.73,True
